{
  "MSE": 132466.9221079431,
  "RMSE": 363.96005564889,
  "MAE": 295.9739929895437,
  "R2": 0.9995130196515427,
  "样本数量": 263
}