{
  "train_loss": [
    0.9242519127628791,
    0.5794296021026278,
    0.21079324453911452,
    0.09333501224006925,
    0.05244945618447173,
    0.03167280732166199,
    0.051131363110567526,
    0.05209196099725665,
    0.0342101600395624,
    0.02751119935481006,
    0.03057053309702684,
    0.01802166587816029,
    0.018378640589102234,
    0.016194945496935693,
    0.02107442352703955,
    0.02972557662774331,
    0.04225122889198323,
    0.03517134004720935,
    0.01660230747921757,
    0.015665196237109956,
    0.015433911409071356,
    0.013333442389334321,
    0.01101457564130662,
    0.012269690287885842,
    0.0070846230284404505,
    0.006417021125791565,
    0.010849442273851425,
    0.014347013985373514,
    0.009751261487879135,
    0.008189251922346928,
    0.010989249324199384,
    0.012093818736651902,
    0.0056255667657645605,
    0.008793273526761267,
    0.012237951777895134,
    0.01162657092409159,
    0.007681540780203052,
    0.008088810758655349,
    0.006107306152227379,
    0.008281247002915257,
    0.006994736338990233,
    0.006723091903108137,
    0.0056399353755214226,
    0.006005098634256572,
    0.0038844244148109166,
    0.004000672089951063,
    0.003808888744700838,
    0.0036192099125218137,
    0.0038912208004307654,
    0.004151562698155878,
    0.0041577691241862285,
    0.003997854479445667,
    0.0034031414700346806,
    0.0034992076966556766,
    0.004089444624407897,
    0.005713980179280043,
    0.005458037771787199,
    0.005895465506467397,
    0.0070063633937881425,
    0.005440903231304474,
    0.003862391805606426,
    0.003950444437568347,
    0.003183493117195746,
    0.00393817540770643,
    0.0045890963473726835,
    0.0029940885866169263,
    0.0024214028048196007,
    0.0032997789161979523,
    0.0034968732454611984,
    0.0034061495594128414,
    0.003209469683478197,
    0.0035303139593452215,
    0.002579438155172048,
    0.0025657314890946345,
    0.003157570310153816,
    0.0022956833130034506,
    0.003270953703331687,
    0.002660512873686101,
    0.0025672014776824247,
    0.0024675888553872785,
    0.0024086758703801524,
    0.0033469706276067035,
    0.003065716454305898,
    0.0026676933781278355,
    0.0032179661196158832
  ],
  "val_loss": [
    1.412417355037871,
    0.28210412036804927,
    0.11440597332659222,
    0.046298185274714514,
    0.023245358218749363,
    0.021036165367279733,
    0.016412660302150817,
    0.015071374142453783,
    0.010250544796387354,
    0.027924593005861555,
    0.017949628155855907,
    0.010413873053732373,
    0.007245439126910199,
    0.004016353438297908,
    0.004892692524230196,
    0.04067630125653176,
    0.017085310781285876,
    0.02465370377259595,
    0.00912542814122779,
    0.002810332037153698,
    0.0038555077404626424,
    0.016236106643364542,
    0.020628084472957112,
    0.007905005920855772,
    0.0028830155940903794,
    0.003809647446143485,
    0.006838468524316947,
    0.016280033758708408,
    0.0054155875086074785,
    0.0021123123366297,
    0.012654787594718593,
    0.0029897548568745456,
    0.0014850778610534256,
    0.0046788423898674195,
    0.021492191457322667,
    0.004888959073772033,
    0.001956130610778928,
    0.0058101558880436985,
    0.00667284761688539,
    0.019957434563409714,
    0.007367539241732586,
    0.0018018609733276424,
    0.0044408185363170646,
    0.0018843283455464103,
    0.0024855930712961013,
    0.003924175631254911,
    0.009763095439189956,
    0.0011636076184610526,
    0.0011949549440205807,
    0.0006315549489088534,
    0.0015631285385184345,
    0.003274203488780629,
    0.0036802193416016443,
    0.0012769980045656364,
    0.00027666630991180207,
    0.0023923933982760424,
    0.003804897889494896,
    0.004724213454340186,
    0.0022170652546698137,
    0.001564464664884976,
    0.0032541729798096987,
    0.0036017647722647304,
    0.008739322069145385,
    0.01217104805012544,
    0.004022252235916399,
    0.0024020974413447435,
    0.003185481365237917,
    0.006243289093531314,
    0.001076204386273665,
    0.0009570781729139743,
    0.0025582296241606984,
    0.0008993237625829698,
    0.002030276471660251,
    0.002734717924059147,
    0.0017622266785197315,
    0.000979990598612598,
    0.0018252285773910227,
    0.0019435443959775426,
    0.0003743996757770046,
    0.005432020207600934,
    0.0011361459813391168,
    0.0024596592522270625,
    0.00277788468104388,
    0.00126570867862375,
    0.0012882437357412918
  ],
  "val_mse": [
    384200744.16137916,
    76736957.68812197,
    31120305.04015968,
    12593861.487697056,
    6323119.7920633955,
    5722187.645831154,
    4464511.915169125,
    4099664.1002291725,
    2788312.6231442406,
    7595952.190322876,
    4882594.778720674,
    2832744.910386585,
    1970880.687234061,
    1092516.626356579,
    1330893.4468485515,
    11064622.454752604,
    4647488.660298665,
    6706211.670759656,
    2482270.506997245,
    764455.3038562593,
    1048761.149431501,
    4416484.970846994,
    5611174.774662563,
    2150293.6987493606,
    784229.9823535738,
    1036285.518904913,
    1860172.633009411,
    4428436.6707647415,
    1473125.9169740223,
    574584.6795501709,
    3442312.5690612793,
    813262.2766062418,
    403966.3294060117,
    1272720.9788600376,
    5846227.010809036,
    1329875.142791748,
    532100.3989424933,
    1580457.8680623372,
    1815121.8307960148,
    5428747.17124503,
    2004092.952498663,
    490134.69718860445,
    1207974.802004133,
    512569.0663401286,
    676121.6746404739,
    1067439.150745937,
    2655720.4869253975,
    316520.4363301595,
    325047.0492531913,
    171792.92180451893,
    425196.19485546293,
    890637.617494129,
    1001078.7267267136,
    347363.98215302965,
    75258.23796662831,
    650768.6081840878,
    1034992.6412593296,
    1285064.0299609955,
    603078.1615905762,
    425561.4933362688,
    885189.480528332,
    979738.7387876965,
    2377238.505113874,
    3310723.5973488945,
    1094119.798582531,
    653409.3173319498,
    866503.882695516,
    1698275.2210998535,
    292745.8684706915,
    260340.91754877,
    695879.7685060047,
    244631.05697631836,
    552267.8399643671,
    743887.8392435709,
    479353.80314127606,
    266573.69602603005,
    496492.52368309384,
    528674.6694612049,
    101843.0873340425,
    1477597.9703187488,
    309049.8972015381,
    669068.0034869966,
    755629.2796478271,
    344293.3353903634,
    350423.46432131814
  ],