{
  "n_total_graphs": 263,
  "n_train": 189,
  "n_val": 21,
  "n_test": 53,
  "元素词表": [
    "C",
    "N",
    "O",
    "P",
    "B",
    "S",
    "Ag",
    "Cd",
    "Co"
  ],
  "in_channels": 15,
  "edge_dim": 4,
  "best_val_mse": 0.00013179355696629492,
  "test_mse": 0.00025748934684006574,
  "test_rmse": 0.016046474592260624,
  "test_mae": 0.01323776087670956,
  "test_r2": 0.9872221196838155,
  "缺失_xyz_count": 0,
  "model_parameters": 2376193,
  "training_epochs": 43
}