{
  "train_loss": [
    1.0049507293120894,
    0.46009731229650913,
    0.20876247084960736,
    0.07143556182740857,
    0.06545002031184378,
    0.07761874105091449,
    0.04107100563862967,
    0.043182465371000706,
    0.04762804957609328,
    0.0372554210837556,
    0.03191324150948613,
    0.034711016657412365,
    0.03553067553768713,
    0.024352446563108258,
    0.024678064204713024,
    0.026880312021131867,
    0.039134108377669855,
    0.026780392048220154,
    0.027198451083330882,
    0.021951174944954573,
    0.018750245845507062,
    0.02207674664597978,
    0.021818062103299236,
    0.023888416213806343,
    0.03152127417109946,
    0.02903983355672271,
    0.02665054128953704,
    0.019237747568656843,
    0.0288620795956049,
    0.021621133412712466,
    0.021278072552627356,
    0.025143238326544484,
    0.019700178531584917,
    0.020380964197178997,
    0.023281292802600002,
    0.01686927576662687,
    0.019584124326390565,
    0.017587495553824637,
    0.021421268838580955,
    0.02269550805132856,
    0.02754078968551266,
    0.019481399958884274,
    0.01959383271871105
  ],
  "val_loss": [
    1.257512058530535,
    0.5652435691583724,
    0.13357873695592085,
    0.025665966439105216,
    0.06747399980113619,
    0.043421633541584015,
    0.01554340026563122,
    0.02491185902839615,
    0.018104595043474718,
    0.011779197536054112,
    0.01615482959009352,
    0.024983682004468783,
    0.009826786372633208,
    0.011768017585078875,
    0.012836121909675143,
    0.0093386477923819,
    0.017016230062359854,
    0.02862465221967016,
    0.007213174343286525,
    0.016795291609707334,
    0.008030403139335769,
    0.011204128508411702,
    0.009110420232727415,
    0.007219210732728243,
    0.02865840680897236,
    0.013137120797875382,
    0.006746526896244004,
    0.011529812899728617,
    0.01220579698149647,
    0.005882902425669488,
    0.012805575416201637,
    0.00824038875067518,
    0.008003980908099385,
    0.008369716993045239,
    0.00745094387925097,
    0.009929738539670194,
    0.008177882282152063,
    0.01742029456155641,
    0.006970991513558796,
    0.011206924294432005,
    0.011239120781066873,
    0.008720918469840572,
    0.006515304203189555
  ],
  "val_mse": [
    0.028171770171781386,
    0.012663030738003027,
    0.002992536514089885,
    0.0005749891786668504,
    0.0015116056277806639,
    0.0009727656847139546,
    0.0003482156662205056,
    0.0005580950005797259,
    0.00040559334094947275,
    0.00026388701186422095,
    0.0003619132019321926,
    0.0005597039737413297,
    0.00022014747252262014,
    0.0002636365538764853,
    0.00028756490684278546,
    0.00020921170416753925,
    0.00038121120603980724,
    0.0006412722731777155,
    0.00016159529512211045,
    0.0003762615631290666,
    0.00017990341521450276,
    0.0002510038921100852,
    0.0002040988289540976,
    0.0001617304481892187,
    0.0006420281160287853,
    0.00029430826433463596,
    0.00015114121342889902,
    0.0002583000565313533,
    0.00027344406427979147,
    0.00013179355696629492,
    0.0002868805849835642,
    0.000184607703669951,
    0.00017931168662362515,
    0.0001875049777367907,
    0.00016692191843199162,
    0.0002224540287776617,
    0.00018320730173235344,
    0.0003902632880036598,
    0.00015616981643264336,
    0.00025106654738405956,
    0.0002517877636493931,
    0.00019537287976365665,
    0.00014596099259451506
  ],
  "val_mae": [
    0.15909809725625174,
    0.10212935791129157,
    0.04502102874574207,
    0.020139987979616438,
    0.033929720520973206,
    0.02401642288480486,
    0.015845217875071933,
    0.019162642104285105,
    0.017774691184361775,
    0.012631840649105254,
    0.015462293511345274,
    0.0204054784207117,
    0.011042529628390358,
    0.012553268245288305,
    0.013176585946764265,
    0.010459867261704944,
    0.017158027915727524,
    0.02313216385387239,
    0.008542199929555258,
    0.016282044705890474,
    0.009457847192173912,
    0.01270294189453125,
    0.010522496842202685,
    0.00848141596430824,
    0.017860919946715945,
    0.013943350031262352,
    0.008208169114022027,
    0.012911921455746605,
    0.013110375120526268,
    0.008845637241999308,
    0.013628024430502029,
    0.010952093771525792,
    0.011055543309166319,
    0.01101804914928618,
    0.010227841990334647,
    0.010884744070825122,
    0.010199641187985739,
    0.017582644309316362,
    0.010540621621268136,
    0.01121506875469571,
    0.011449079428400313,
    0.011569578023183914,
    0.009294231023107256
  ],
  "val_r2": [
    0.009938937094728817,
    0.5549738764862061,
    0.894831107031734,
    0.9797927359935602,
    0.9468765411115989,
    0.9658133861701609,
    0.9877624029119807,
    0.9803864604138526,
    0.98574593744734,
    0.990726026307183,
    0.9872810204257825,
    0.9803299150967195,
    0.9922631968345399,
    0.990734828334888,
    0.9898938967772709,
    0.9926475205165555,
    0.9866028165947051,
    0.9774633008674065,
    0.9943209387030516,
    0.9867767655049556,
    0.9936775230877763,
    0.9911787871794867,
    0.992827206018654,
    0.9943161889202563,
    0.9774367377309066,
    0.9896569100474623,
    0.9946883341194478,
    0.9909223727526331,
    0.9903901558448335,
    0.9953682829194448,
    0.989917946399399,
    0.9935121968480685,
    0.993698318637153,
    0.9934103758327524,
    0.994133741295728,
    0.9921821358460541,
    0.9935614121945795,
    0.9862846926771809,
    0.9945116102570687,
    0.9911765852395032,
    0.9911512390103566,
    0.9931338684142957,
    0.9948703863978138
  ],
  "learning_rate": [
    0.0005,
    0.0005,
    0.0005,
    0.0005,
    0.0005,
    0.0005,
    0.0005,
    0.0005,
    0.0005,
    0.0005,
    0.0005,
    0.0005,
    0.0005,
    0.0005,
    0.0005,
    0.0005,
    0.0005,
    0.0005,
    0.0005,
    0.0005,
    0.0005,
    0.0005,
    0.0005,
    0.0005,
    0.0005,
    0.0005,
    0.0005,
    0.0005,
    0.0005,
    0.0005,
    0.0005,
    0.0005,
    0.0005,
    0.0005,
    0.0005,
    0.0005,
    0.0005,
    0.0005,
    0.0005,
    0.0005,
    0.0005,
    0.00025,
    0.00025
  ]
}