{
  "MSE": 17229.75105981863,
  "RMSE": 131.2621463325152,
  "MAE": 103.74006356939164,
  "R2": 0.9994254396934906,
  "样本数量": 263
}