{
  "MSE": 68583.06312108492,
  "RMSE": 261.88368242615826,
  "MAE": 183.47639912072242,
  "R2": 0.9997478716199333,
  "样本数量": 263
}