{
  "MSE": 160899.03246211642,
  "RMSE": 401.12221636568125,
  "MAE": 297.06965898288973,
  "R2": 0.9994084941269029,
  "样本数量": 263
}