{
  "train_loss": [
    1.0817470027025415,
    1.0297057212345184,
    0.9689049449547258,
    0.43707949001953084,
    0.3263189472534038,
    0.1321115719854201,
    0.09983398213430687,
    0.08479515512390111,
    0.04758685391652521,
    0.06948278095356371,
    0.09580096318608239,
    0.06593803982570688,
    0.04407119443492284,
    0.046805441517520835,
    0.034726497712274075,
    0.04861839017067006,
    0.03522791922900569,
    0.033741828241439724,
    0.028091554722142597,
    0.022242055540638312,
    0.03218099140813426,
    0.024689100298380093,
    0.023596306602475504,
    0.02346003708114266,
    0.020726820069646077,
    0.01586329453087673,
    0.01990815208702491,
    0.016935069483542252,
    0.01715145205891637,
    0.011490745755730482,
    0.014503976990463872,
    0.015996484312588575,
    0.01328286782853187,
    0.010128647138280843,
    0.01027500114980198,
    0.016659863928835544,
    0.008388855652243057,
    0.012066679444932749,
    0.00817946343135739,
    0.0064484407120044265,
    0.007086933193797314,
    0.00792684492768434,
    0.009940867888785544,
    0.007280556652596388,
    0.006542837635303537,
    0.004991555721967151,
    0.004792338566085886,
    0.005680223358992152,
    0.00516549713426718,
    0.006821867547899721,
    0.0053198497801546065,
    0.00590122266667624,
    0.005240692481122635,
    0.0053004044571290255,
    0.004899837342756135,
    0.007586240992639904,
    0.006086202135073051,
    0.005700873902742628,
    0.006231953121386666,
    0.005425398656852031,
    0.0043613967884864125,
    0.004531071890914251,
    0.003924985397754917,
    0.00394245268895276,
    0.003625019492887,
    0.004538957372667495,
    0.0029623922583937802,
    0.005307081623604058,
    0.004435767202820412,
    0.003729896752962044,
    0.003240425809823647,
    0.0038024672533745175
  ],
  "val_loss": [
    1.0741280601138161,
    1.0326808236894154,
    0.8696418234280178,
    0.584677639461699,
    0.16513437777757645,
    0.0908702661593755,
    0.08082381263375282,
    0.02145930335280441,
    0.07172815874218941,
    0.1359491284404482,
    0.07130062509150732,
    0.01839002675288135,
    0.03714061670360111,
    0.024087635356755482,
    0.01532038917676324,
    0.013689462849426837,
    0.04626213368915376,
    0.009354167839600927,
    0.009748092808184169,
    0.014111391401716642,
    0.0027815042301968093,
    0.002950092267599844,
    0.017389343452772925,
    0.0461362304077262,
    0.003673400186623136,
    0.04461215347761199,
    0.022131523294817834,
    0.001810824215811278,
    0.006046022355024304,
    0.003780814403268908,
    0.01740240545145103,
    0.003098106652032584,
    0.018321854062378407,
    0.020394442514294668,
    0.025605395613681702,
    0.006591892867748227,
    0.004056658795369523,
    0.005163052806719428,
    0.0038341523170293797,
    0.0023082724461952844,
    0.008586551594947065,
    0.0006328521884002146,
    0.004529977926895732,
    0.007848323588924748,
    0.00466837024404889,
    0.0037125726452185994,
    0.013057258113154344,
    0.002970116201876884,
    0.001821831096008065,
    0.013289063636745726,
    0.0026471085757726713,
    0.0032715714824873778,
    0.008506708778440952,
    0.0034347200500113623,
    0.001404018130242115,
    0.0050124962858500936,
    0.005101903330623394,
    0.009151964936228026,
    0.008012832585899602,
    0.008975011163524218,
    0.008044367390019553,
    0.007492098735556716,
    0.0045960281665126486,
    0.011927343017998197,
    0.006499583699873516,
    0.0062129004814085505,
    0.006951428262428159,
    0.005419446998054073,
    0.004991090812143825,
    0.004435451446278464,
    0.004441962732623021,
    0.010883422391045661
  ],
  "val_mse": [
    32210651.441057477,
    30967738.828342255,
    26078569.61208816,
    17533145.436653502,
    4952001.254914783,
    2724992.1150120324,
    2423720.926058088,
    643515.8087688627,
    2150963.974193028,
    4076805.8377961656,
    2138142.791575114,
    551475.2893240793,
    1113762.0634656635,
    722333.9102979387,
    459423.1092776344,
    410515.4712168376,
    1387295.8698650543,
    280509.2948651995,
    292323.2175336565,
    423167.71147591725,
    83410.76619320824,
    88466.4832698277,
    521465.3998245966,
    1383518.9022950672,
    110156.48146638417,
    1337815.8838021415,
    663673.0835353306,
    54302.23989940825,
    181306.53930809384,
    113377.78511846633,
    521858.2743123372,
    92905.47165788923,
    549430.8448072161,
    611581.9355672201,
    767845.7386641729,
    197675.2590978713,
    121650.09071931386,
    154827.85422988166,
    114977.37464032855,
    69219.65943981352,
    257491.2424214681,
    18977.947835286457,
    135843.89366222563,
    235352.9250459217,
    139993.38334801083,
    111332.07591974168,
    391556.87536984397,
    89067.09032331195,
    54632.27665419805,
    398509.05197361537,
    79380.75827462332,
    98106.96157182966,
    255097.13758559455,
    102999.26295180547,
    42103.31980314709,
    150312.91653515043,
    152993.9324733189,
    274446.0486413865,
    240286.70987883068,
    269139.9404870896,
    241232.3617887951,
    224670.1067294166,
    137824.2955823626,
    357674.10655285063,
    194907.5020098005,
    186310.71667044502,
    208457.01620047432,
    162515.98449271065,
    149671.7455190023,
    133009.29915582566,
    133203.9548761277,
    326368.990264166
  ],
  "val_mae": [
    5055.370163690476,
    4851.836123511905,
    4579.036458333333,
    2903.3655133928573,
    1688.1644345238096,
    940.8880208333334,
    1244.0574776785713,
    630.7836681547619,
    1107.7981770833333,
    1769.478794642857,
    1210.0595238095239,
    459.8363095238095,
    986.8175223214286,
    642.4354538690476,
    485.2206101190476,
    484.55933779761904,
    894.0061383928571,
    361.53013392857144,
    450.0874255952381,
    454.1236979166667,
    213.60900297619048,
    250.4633556547619,
    455.51283482142856,
    976.4782366071429,
    282.26283482142856,
    932.218005952381,
    707.3329613095239,
    211.45331101190476,
    334.1231398809524,
    239.10974702380952,
    542.203125,
    213.48251488095238,
    502.84542410714283,
    606.1123511904761,
    637.4685639880952,
    338.0690104166667,
    253.47042410714286,
    262.4555431547619,
    257.8413318452381,
    238.72544642857142,
    412.97284226190476,
    111.6421130952381,
    299.0308779761905,
    416.3958333333333,
    257.57533482142856,
    260.6255580357143,
    492.2118675595238,
    230.97395833333334,
    173.6943824404762,
    449.96558779761904,
    184.44494047619048,
    248.68880208333334,
    391.4440104166667,
    246.16276041666666,
    146.40122767857142,
    337.58984375,
    247.98400297619048,
    332.2442336309524,
    414.40122767857144,
    387.92689732142856,
    370.3456101190476,
    375.95479910714283,
    285.52027529761904,
    434.2049851190476,
    310.8076636904762,
    304.9546130952381,
    324.60267857142856,
    301.2719494047619,
    284.1177455357143,
    274.3677455357143,
    268.0420386904762,
    412.4149925595238
  ],