{
  "MSE": 0.00877265231814475,
  "RMSE": 0.09366243813901468,
  "MAE": 0.09160476107642336,
  "R2": 0.6823321618027247,
  "样本数量": 318
}