{
  "n_total_graphs": 263,
  "n_train": 189,
  "n_val": 21,
  "n_test": 53,
  "元素词表": [
    "C",
    "N",
    "O",
    "P",
    "B",
    "S",
    "Ag",
    "Cd",
    "Co"
  ],
  "in_channels": 15,
  "edge_dim": 4,
  "best_val_mse": 203232.66233971005,
  "test_mse": 158224.701921571,
  "test_rmse": 397.77468738165203,
  "test_mae": 264.6108490566038,
  "test_r2": 0.9994622226475586,
  "缺失_xyz_count": 0,
  "model_parameters": 2376193,
  "training_epochs": 100
}