{
  "MSE": 0.0002709770698195533,
  "RMSE": 0.01646138116378918,
  "MAE": 0.013416663038866601,
  "R2": 0.9879043133100148,
  "样本数量": 263
}